loja,nome-produto,valor,produto-pesquisado
Amazon,Gt-100 | Pedaleira Multiefeito para Guitarra Boss Gt-100,R$: 4.306,guitarra
Amazon,Pedal Boss Dm-2w Delay Waza Craft Analógico Custom Guitarra,R$: 1.400,guitarra
Amazon,"Takamine GD71CE-NAT Dreadnought Cutaway Guitarra acústica elétrica, natural",R$: 4.759,guitarra
AliExpress,"Guitarra elétrica de seis cordas com Fingerboard Shell, cartão branco atualizado, acessórios dourados, clássico","R$772,41",guitarra
AliExpress,"Guitarra acrílica elétrica, acrílica","R$1.678,8",guitarra
AliExpress,"Guitarra elétrica com corpo personalizado, cor vermelha, enviar em 3 dias em estoque, PCXGDSD, R","R$1.105,21",guitarra
Amazon,"Fender Guitarra acústica Dreadnought FA-125CE, natural",R$: 1.817,FENDER
Amazon,Fender FA-125CE Dreadnought Cutaway Guitarra acústica elétrica - Preto,R$: 2.339,FENDER
Amazon,Bullet® Stratocaster® HT,R$: 1.912,FENDER
AliExpress,4 pçs de carbono olhar roda arco fender flares capa guarnição paralama protetor lábio anti-risco tiras universal acessórios do carro,"R$26,49",FENDER
AliExpress,Estoque pára-choque traseiro para kugoo s1 e s1 pro s3 e s3 pro dobrável scooter elétrico,"R$43,52",FENDER
AliExpress,"Capas de proteção para carro, conjunto preto universal, 4 peças, 78/84cm, extensor de asa de arco, kit de proteção para corpo de bordo","R$29,68",FENDER
Amazon,Amplificador compacto 60W Rms - AB100ST,R$: 578,amplificador
Amazon,"Amplificador de fone de ouvido Amplificador de áudio estéreo metálico de 4 canais, Mini amplificador de fone de ouvido portátil - 4x quarto de polegada, fonte de alimentação DC5V",R$: 129,amplificador
Amazon,Módulo Taramps MD 1200.1 1 ohm 1200 W RMS Amplificador Som Automotivo,R$: 513,amplificador
AliExpress,1600W Peak Power HiFi Amplificador de Som Digital 4 Canais Amplificador De Áudio Bluetooth Karaoke Player FM Rádio Suporte Controle Remoto,"R$98,4",amplificador
AliExpress,"AK35/G919H Amplificadores de potência para automóveis domésticos, 2 canais, Bluetooth, Som surround, FM, Controlo remoto USB, Mini HIFI, Amplificador estéreo digital, 1000W","R$96,24",amplificador
AliExpress,2*100W Bluetooth 5.0 Placa Amplificadora de Potência Digital AUX Speaker 2.0 CH Stereo Home Music Módulo Sem Fio de Áudio AMP,"R$40,37",amplificador
Amazon,Caneca Com Caixinha Flork Amo Tu meme palito Xicara 325ml divertida,R$: 38,xicara
Amazon,xicara de café com pires com 12 peças 80 ml,R$: 89,xicara
Amazon,Jogo de 2 xicaras Coffee Time em vidro borossilicato com parede dupla 150ml-TRANSPARENTE - Dynasty- Full Fit,R$: 47,xicara
AliExpress,SKYTUR STORE Copo Térmico 473ml COM TAMPA E Abridor Inox Para Cerveja Quente e Gelado LISO- ENVIO RAPIDO PARA TODO BRASIL,R$20,xicara
AliExpress,COPO AMERICANO NADIR CAIXA 24,"R$11,99",xicara
AliExpress,Copo Vidro 300ml Lights Suco Agua Glamour Luxo Nadir - 6 Un,"R$20,9",xicara
